{"cameraMode":{"drawMode":0,"name":"Shaded","section":"Shading Mode"},"sceneLighting":true,"audioPlay":false,"sceneViewState":{"showFog":true,"showMaterialUpdate":false,"showSkybox":true,"showFlares":true,"showImageEffects":true,"showParticleSystems":true},"in2DMode":false,"pivot":{"x":63.451759338378909,"y":12.828532218933106,"z":-42.015159606933597},"rotation":{"x":-0.08719777315855026,"y":0.005077613517642021,"z":-0.0004445069935172796,"w":-0.9961788058280945},"size":10.0,"orthographic":false}